{
  "annotations": {
    "list": [
      {
        "builtIn": 1,
        "datasource": "-- Grafana --",
        "enable": true,
        "hide": true,
        "iconColor": "rgba(0, 211, 255, 1)",
        "name": "Annotations & Alerts",
        "type": "dashboard"
      }
    ]
  },
  "editable": true,
  "fiscalYearStartMonth": 0,
  "gnetId": null,
  "graphTooltip": 0,
  "id": null,
  "iteration": 1711703412345,
  "links": [],
  "liveNow": false,
  "panels": [
    {
      "type": "row",
      "title": "Host Metrics",
      "collapsed": false,
      "gridPos": { "h": 1, "w": 24, "x": 0, "y": 0 }
    },
    {
      "datasource": "Prometheus",
      "description": "Host CPU Usage",
      "fieldConfig": {
        "defaults": {
          "unit": "percent"
        },
        "overrides": []
      },
      "gridPos": { "h": 8, "w": 12, "x": 0, "y": 1 },
      "id": 101,
      "options": {
        "legend": { "showLegend": true }
      },
      "targets": [
        {
          "expr": "100 - (avg by(instance) (irate(node_cpu_seconds_total{mode=\"idle\"}[5m])) * 100)",
          "legendFormat": "{{instance}}",
          "refId": "A"
        }
      ],
      "title": "CPU Usage",
      "type": "timeseries"
    },
    {
      "datasource": "Prometheus",
      "description": "Host Memory Usage",
      "fieldConfig": {
        "defaults": { "unit": "bytes" },
        "overrides": []
      },
      "gridPos": { "h": 8, "w": 12, "x": 12, "y": 1 },
      "id": 102,
      "targets": [
        {
          "expr": "node_memory_MemTotal_bytes - node_memory_MemAvailable_bytes",
          "legendFormat": "memory used",
          "refId": "A"
        }
      ],
      "title": "Memory Usage",
      "type": "timeseries"
    },
    {
      "type": "row",
      "title": "Docker Metrics",
      "collapsed": false,
      "gridPos": { "h": 1, "w": 24, "x": 0, "y": 9 }
    },
    {
      "datasource": "Prometheus",
      "description": "Number of running containers",
      "gridPos": { "h": 6, "w": 6, "x": 0, "y": 10 },
      "id": 201,
      "targets": [
        {
          "expr": "count(container_last_seen)",
          "legendFormat": "running containers",
          "refId": "A"
        }
      ],
      "title": "Running Containers",
      "type": "stat"
    },
    {
      "datasource": "Prometheus",
      "gridPos": { "h": 6, "w": 18, "x": 6, "y": 10 },
      "id": 202,
      "targets": [
        {
          "expr": "rate(container_cpu_usage_seconds_total[2m])",
          "legendFormat": "{{name}}",
          "refId": "A"
        }
      ],
      "title": "Container CPU Usage",
      "type": "timeseries"
    },
    {
      "datasource": "Prometheus",
      "gridPos": { "h": 7, "w": 24, "x": 0, "y": 16 },
      "id": 203,
      "targets": [
        {
          "expr": "container_memory_usage_bytes",
          "legendFormat": "{{name}}",
          "refId": "A"
        }
      ],
      "title": "Container Memory Usage",
      "type": "timeseries"
    },
    {
      "type": "row",
      "title": "Disk & IO",
      "collapsed": false,
      "gridPos": { "h": 1, "w": 24, "x": 0, "y": 23 }
    },
    {
      "datasource": "Prometheus",
      "gridPos": { "h": 7, "w": 12, "x": 0, "y": 24 },
      "id": 301,
      "targets": [
        {
          "expr": "node_filesystem_free_bytes{fstype!=\"tmpfs\"}",
          "legendFormat": "{{mountpoint}} free",
          "refId": "A"
        }
      ],
      "title": "Disk Free",
      "type": "timeseries"
    },
    {
      "datasource": "Prometheus",
      "gridPos": { "h": 7, "w": 12, "x": 12, "y": 24 },
      "id": 302,
      "targets": [
        {
          "expr": "rate(node_disk_read_bytes_total[5m])",
          "legendFormat": "read {{device}}",
          "refId": "A"
        },
        {
          "expr": "rate(node_disk_written_bytes_total[5m])",
          "legendFormat": "write {{device}}",
          "refId": "B"
        }
      ],
      "title": "Disk IO",
      "type": "timeseries"
    }
  ],
  "schemaVersion": 37,
  "style": "dark",
  "tags": ["docker", "node-exporter", "cadvisor", "system"],
  "templating": { "list": [] },
  "time": {
    "from": "now-15m",
    "to": "now"
  },
  "timepicker": {},
  "timezone": "",
  "title": "Docker Monitoring Dashboard",
  "version": 1,
  "weekStart": ""
}

